<?xml version="1.0" encoding="UTF-8"?>
<web-fragment xmlns="http://java.sun.com/xml/ns/javaee"
	xmlns:xsi="http://www.w3.org/2001/XMLSchema-instance"
	xsi:schemaLocation="http://java.sun.com/xml/ns/javaee http://java.sun.com/xml/ns/javaee/web-fragment_3_0.xsd"
	version="3.0">

	<!-- 定义本片段在其他web片段前加载 -->
	<ordering>
		<before>
			<others />
		</before>
	</ordering>

	<description>公共Web组件</description>

    <!-- Shiro 过滤器 -->
    <!-- 对应的Spring配置文件： META-INF/massy/shiro-webcontext.xml -->
    <filter>
        <filter-name>shiroFilter</filter-name>
        <filter-class>org.springframework.web.filter.DelegatingFilterProxy</filter-class>
        <init-param>
            <param-name>targetFilterLifecycle</param-name>
            <param-value>true</param-value>
        </init-param>
    </filter>
    <filter-mapping>
        <filter-name>shiroFilter</filter-name>
        <url-pattern>/*</url-pattern>
    </filter-mapping>

	<servlet>
		<servlet-name>dispatcher</servlet-name>
		<servlet-class>org.smarabbit.massy.spring.web.MassyDispatcherServlet</servlet-class>
		<load-on-startup>1</load-on-startup>
	</servlet>
	<servlet-mapping>
		<servlet-name>dispatcher</servlet-name>
		<url-pattern>*.html</url-pattern>
	</servlet-mapping>
	
</web-fragment>
