<?xml version="1.0" encoding="UTF-8"?>
<beans xmlns="http://www.springframework.org/schema/beans"
       xmlns:xsi="http://www.w3.org/2001/XMLSchema-instance"
       xmlns:context="http://www.springframework.org/schema/context"
       xmlns:massy="http://www.smarabbit.org/schema/massy"
       xmlns:mvc="http://www.springframework.org/schema/mvc"
       xsi:schemaLocation="http://www.springframework.org/schema/mvc http://www.springframework.org/schema/mvc/spring-mvc-4.0.xsd
		http://www.springframework.org/schema/beans http://www.springframework.org/schema/beans/spring-beans.xsd


		http://www.smarabbit.org/schema/massy http://www.smarabbit.org/schema/massy.xsd
		http://www.springframework.org/schema/context http://www.springframework.org/schema/context/spring-context-4.0.xsd">
    <!-- Spring3.1之后的注解 HandlerMapping -->
	<bean class="org.springframework.web.servlet.mvc.method.annotation.RequestMappingHandlerMapping">
	</bean>
    <context:annotation-config />
    <mvc:annotation-driven/>
    <massy:annotation-driven/>
    <context:component-scan base-package="com.zjht.**.ui">
        <context:include-filter type="annotation" expression="org.springframework.stereotype.Controller"/>
    </context:component-scan>

    <bean id= "messageSource"
          class= "org.springframework.context.support.ReloadableResourceBundleMessageSource">
        <property name= "basename" value= "classpath:validate-messages"/>
        <property name= "fileEncodings" value= "utf-8"/>
        <property name= "cacheSeconds" value= "120"/>
    </bean>
    <!-- 以下 validator  ConversionService 在使用 mvc:annotation-driven 会 自动注册-->
    <bean id= "validator"
          class= "org.springframework.validation.beanvalidation.LocalValidatorFactoryBean">
        <property name= "providerClass"  value= "org.hibernate.validator.HibernateValidator"/>
        <!-- 如果不加默认到 使用classpath下的 ValidationMessages.properties -->
        <property name= "validationMessageSource" ref= "messageSource"/>
    </bean>


    <!-- Spring3.1之后的注解 HandlerAdapter -->
	<!-- 完成请求和注解POJO的映射 --> 
	<bean class="org.springframework.web.servlet.mvc.method.annotation.RequestMappingHandlerAdapter">
		<property name="messageConverters">
			<list>
				<bean class="org.springframework.http.converter.ByteArrayHttpMessageConverter"/>  
				<bean class="org.springframework.http.converter.json.MappingJackson2HttpMessageConverter">
					<property name="supportedMediaTypes">
						<list>
							<value>application/json;charset=UTF-8</value>
						</list>
					</property>
				</bean>
				<bean class="org.springframework.http.converter.StringHttpMessageConverter">
					<property name="supportedMediaTypes">
						<list>
							<value>text/plain;charset=UTF-8</value>
						</list>
					</property>
				</bean>
			</list>
		</property>
	</bean>
	
	<!-- commons fileupload -->
	<bean id="multipartResolver" class="org.springframework.web.multipart.commons.CommonsMultipartResolver" />
	   
	<!-- ViewResolver -->
    <!-- freemarker的配置 -->
    <bean id="freemarkerConfig"
          class="org.springframework.web.servlet.view.freemarker.FreeMarkerConfigurer">
        <!--
        <property name="templateLoaderPath" value="classpath:/META-INF/webconsole/" />
         -->
        <property name="defaultEncoding" value="utf-8" />
        <property name="templateLoaderPaths">
            <list>
                <value>classpath:/META-INF/views/</value>
                <value>classpath:/META-INF/templates/</value>
            </list>
        </property>
        <property name="freemarkerSettings">
            <props>
                <prop key="template_update_delay">10</prop>
                <!--
                <prop key="locale">zh_CN</prop>
                 -->
                <prop key="datetime_format">yyyy-MM-dd</prop>
                <prop key="date_format">yyyy-MM-dd</prop>
                <prop key="number_format">#.##</prop>
            </props>
        </property>
    </bean>

    <!-- FreeMarker视图解析 如返回student。。在这里配置后缀名ftl和视图解析器。。-->
    <bean id="viewResolver"
          class="org.springframework.web.servlet.view.freemarker.FreeMarkerViewResolver">

        <property name="viewClass" value="org.springframework.web.servlet.view.freemarker.FreeMarkerView"></property>
        <property name="suffix" value=".htm" />
        <property name="contentType" value="text/html;charset=utf-8" />
        <property name="exposeRequestAttributes" value="true" />
        <property name="exposeSessionAttributes" value="true" />
        <property name="exposeSpringMacroHelpers" value="true" />
        <property name="requestContextAttribute" value="request"/>
    </bean>


    <!--<bean id="exceptionResolver" class="org.springframework.web.servlet.handler.SimpleMappingExceptionResolver">-->
        <!--<property name="exceptionMappings">-->
            <!--<props>-->
                <!--<prop key="java.lang.Exception">error/500</prop>-->
            <!--</props>-->
        <!--</property>-->
    <!--</bean>-->

    <mvc:interceptors>
        <mvc:interceptor>
            <mvc:mapping path="/**" />
            <mvc:exclude-mapping path="/*Ajax.html"/>
            <bean class="com.zjht.web.commons.ui.MenuHandlerInterceptor" />
        </mvc:interceptor>
    </mvc:interceptors>

</beans>
