<?xml version="1.0" encoding="UTF-8"?>
<!--suppress ALL -->
<beans xmlns="http://www.springframework.org/schema/beans"
	xmlns:xsi="http://www.w3.org/2001/XMLSchema-instance"
	xmlns:cache="http://www.springframework.org/schema/cache"
	xmlns:context="http://www.springframework.org/schema/context"
	xmlns:lang="http://www.springframework.org/schema/lang"
	xmlns:util="http://www.springframework.org/schema/util"
	xmlns:massy="http://www.smarabbit.org/schema/massy"
	xsi:schemaLocation="http://www.springframework.org/schema/beans http://www.springframework.org/schema/beans/spring-beans.xsd
		http://www.springframework.org/schema/cache http://www.springframework.org/schema/cache/spring-cache-4.0.xsd
		http://www.springframework.org/schema/context http://www.springframework.org/schema/context/spring-context-4.0.xsd
		http://www.springframework.org/schema/lang http://www.springframework.org/schema/lang/spring-lang-4.0.xsd
		http://www.springframework.org/schema/util http://www.springframework.org/schema/util/spring-util-4.0.xsd
		http://www.smarabbit.org/schema/massy http://www.smarabbit.org/schema/massy.xsd">
	
	<!-- massy 注解扫描与配置 -->
	<massy:annotation-driven/>

    <!-- 扩展ShiroFilterFactoryBean,
         支持自动导入MassyContext中的所有Realms服务到securityManager中 -->
    <bean id="shiroFilter"
          class="org.smarabbit.massy.shiro.ExShiroFilterFactoryBean">
        <property name="securityManager" ref="securityManager"/>
        <property name="loginUrl" value="/login.do"/>
        <property name="successUrl" value="/welcome.jsp"/>
        <property name="unauthorizedUrl" value="/unauthorized.jsp"/>
        <property name="filters">
            <util:map>
                <!--<entry key="userAuthc" value-ref="userFormAuthenticationFilter"/>-->
                <!--<entry key="employeeAuthc" value-ref="employeeFormAuthenticationFilter"/>-->
                <!--<entry key="redirect" value-ref="redirectFilter"/>-->
            </util:map>
        </property>
        <!--<property name="filterChainDefinitions">-->
            <!--<value>-->
                <!--[urls]-->
                <!--&lt;!&ndash;/enterprise/login.do = anon&ndash;&gt;-->
                <!--&lt;!&ndash;/enterprise/logout.do = anon&ndash;&gt;-->
                <!--/merchantCallback/** =anon-->
                <!--/tradeEntrance/** =anon-->
                <!--/ace-master/** = anon-->
                <!--/resources/** = anon-->
                <!--/bankCallback/** =anon-->
                <!--/login.do = anon-->
                <!--/logout.do = authc-->
                <!--/shiro.do = authc-->
                <!--/register.do = anon-->
                <!--/detail.do = authc-->
                <!--/reset**.do = anon-->
                <!--&lt;!&ndash;/organize/** = authc&ndash;&gt;-->
                <!--&lt;!&ndash;/user/** = authc&ndash;&gt;-->
                <!--/** = authc                -->
            <!--</value>-->
        <!--</property>-->
    </bean>

	 <!--shiro 组件-->
	<bean id="lifecycleBeanPostProcessor" class="org.apache.shiro.spring.LifecycleBeanPostProcessor" />

	<!--<bean id="cacheManager" class="org.apache.shiro.cache.ehcache.EhCacheManager" >-->
        <!--<property name="cacheManagerConfigFile" value="classpath:shiro-ehcache.xml"/>-->
	<!--</bean>-->

    <bean id="validationScheduler" class="org.apache.shiro.session.mgt.ExecutorServiceSessionValidationScheduler">
        <property name="interval" value="3600000"/>
        <property name="sessionManager" ref="sessionManager"/>
    </bean>

    <bean id="websession" class="org.apache.shiro.web.servlet.SimpleCookie">
        <constructor-arg name="name" value="ZJHTCSESSIONID"/>
    </bean>

    <bean id="sessionManager" class="org.apache.shiro.web.session.mgt.DefaultWebSessionManager">
        <property name="globalSessionTimeout" value="1800000"/>
        <property name="sessionValidationSchedulerEnabled" value="true"/>
        <property name="sessionValidationScheduler" ref="validationScheduler"/>
        <property name="sessionIdCookie" ref="websession"/>
        <property name="deleteInvalidSessions" value="true"/>
    </bean>


	<bean id="securityManager"
		class="org.apache.shiro.web.mgt.DefaultWebSecurityManager">
		<property name="authenticator" ref="authenticator"/>
        <property name="sessionManager" ref="sessionManager"/>
        <!--<property name="cacheManager" ref="cacheManager"/>-->
        <!--<property name="rememberMeManager" ref="rememberMeManager"/>-->
	</bean>

	<bean id="authenticator" class="org.apache.shiro.authc.pam.ModularRealmAuthenticator">
		<!--<property name="authenticationStrategy">-->
			<!-- realm认证策略，首个成功匹配策略 -->
			<!--<bean class="com.zjhtc.commons.web.shiro.FirstExceptionStrategy" />-->
		<!--</property>-->
	</bean>

    <bean id="rememberMeCookie" class="org.apache.shiro.web.servlet.SimpleCookie">
        <constructor-arg value="zjht"/>
        <property name="httpOnly" value="true"/>
        <property name="maxAge" value="50000000"/>
    </bean>
    <bean id="rememberMeManager" class="org.apache.shiro.web.mgt.CookieRememberMeManager">
        <property name="cipherKey" value="zjht@haha.key"/>
        <property name="cookie" ref="rememberMeCookie"/>
    </bean>
</beans>