<?xml version="1.0" encoding="UTF-8"?>
<!DOCTYPE mapper PUBLIC "-//mybatis.org//DTD Mapper 3.0//EN"
        "http://mybatis.org/dtd/mybatis-3-mapper.dtd">

<mapper namespace="com.zjht.UserAnalysis.test.dao.mapper.UserAnalysisMapper">
    <insert id="save" useGeneratedKeys="true" keyProperty="test.id" keyColumn="id" parameterType="com.zjht.UserAnalysis.test.entity.Test">
        INSERT INTO test(`name`) VALUES (#{test.name})
    </insert>
    <select id="findById" resultType="com.zjht.UserAnalysis.test.entity.Test">
        SELECT id, name FROM test WHERE id = #id;
    </select>
    <select id="findUserComposition" resultType="com.zjht.UserAnalysis.test.entity.UserComposition">
        SELECT id,UNIX_TIMESTAMP(cTime)as cTime,user1,user2,user3,user4,user5 FROM UserComposition;
    </select>



    <!--用户访问页面-->
    <select id="findOriginCalc" resultType="com.zjht.UserAnalysis.test.entity.UserAccerss.OriginCalc">
    SELECT  id,siteid,source,calc_date,origin,originnum from t_origin_calc where  calc_date =#{date} and siteid=#{siteid} and source=#{source} ORDER BY  originnum desc limit 6;
    </select>
    <select id="findVisitPageCalc" resultType="com.zjht.UserAnalysis.test.entity.UserAccerss.VisitPageCalc">
    SELECT id,siteid,source,calc_date,url,urlnum from t_visitpage_calc where  calc_date =#{date} and siteid=#{siteid} and source=#{source} ORDER BY  urlnum desc limit 6;
    </select>
    <select id="findVisitCalc" resultType="com.zjht.UserAnalysis.test.entity.UserAccerss.VisitCalc">
    SELECT id,siteid,source,calc_date,page_total,ip_total,vistor_total,user_viscosity from t_visit_calc where  calc_date =#{date} and siteid=#{siteid} and source=#{source}
    </select>
    <select id="findOriginCalcSiteid" resultType="String">
        SELECT siteid from t_origin_calc GROUP  by siteid;
    </select>
    <select id="findVisitPageCalcSiteid" resultType="String">
        SELECT siteid from t_visitpage_calc GROUP  by siteid;
    </select>
    <select id="findVisitCalcSiteid" resultType="String">
        SELECT siteid from t_visit_calc GROUP  by siteid;
    </select>


    <!--用户访问页面分时-->
    <select id="findOriginCalcHour" resultType="com.zjht.UserAnalysis.test.entity.UserVisitHours.OriginCalcHour">
        SELECT  id,siteid,source,calc_date,calc_hour,origin,originnum from t_origin_calc_hour where  calc_date =#{date}and calc_hour=#{hour} and siteid=#{siteid} and source=#{source} ORDER BY  originnum desc limit 6;
    </select>
    <select id="findVisitPageCalcHour" resultType="com.zjht.UserAnalysis.test.entity.UserVisitHours.VisitPageCalcHour">
        SELECT id,siteid,source,calc_date,calc_hour,url,urlnum from t_visitpage_calc_hour where  calc_date =#{date}and calc_hour=#{hour} and siteid=#{siteid} and source=#{source} ORDER BY  urlnum desc limit 6;
    </select>
    <select id="findVisitCalcHour" resultType="com.zjht.UserAnalysis.test.entity.UserVisitHours.VisitCalcHour">
        SELECT id,siteid,source,calc_date,calc_hour,page_total,ip_total,vistor_total,user_viscosity from t_visit_calc_hour where  calc_date =#{date}and calc_hour=#{hour} and siteid=#{siteid} and source=#{source}
    </select>
    <select id="findOriginCalcHourSiteid" resultType="String">
        SELECT siteid from t_origin_calc_hour GROUP  by siteid;
    </select>
    <select id="findVisitPageCalcHourSiteid" resultType="String">
        SELECT siteid from t_visitpage_calc_hour GROUP  by siteid;
    </select>
    <select id="findVisitCalcHourSiteid" resultType="String">
        SELECT siteid from t_visit_calc_hour GROUP  by siteid;
    </select>



    <!--用户组成-->
    <select id="findUserCompriseCalc" resultType="com.zjht.UserAnalysis.test.entity.UserComprise.UserCompriseCalc">
        SELECT id, source, calc_date as calcDate, regist_total as registTotal, new_total as newTotal, old_total as oldTotal, live_total as liveTotal, dead_total as deadTotal from t_user_comprise_calc where siteid=#{siteid} and source=#{source} and calc_date &gt;=#{startTime} and calc_date &lt;=#{endTime};
    </select>
    <select id="findUserCompriseCalcSource" resultType="String">
        SELECT siteid from t_user_comprise_calc GROUP  by siteid;
    </select>

    <!--用户组成分时-->

    <select id="findUserCompriseCalcHour" resultType="com.zjht.UserAnalysis.test.entity.UserComprise.UserCompriseCalcHour">
        SELECT id, source,siteid, calc_date as calcDate, calc_hour,regist_total as registTotal, new_total as newTotal, old_total as oldTotal, live_total as liveTotal, dead_total as deadTotal from t_user_comprise_calc_hour where siteid=#{siteid} and source=#{source} and calc_date=#{selectTime}  order by calc_hour;
    </select>
    <select id="findUserCompriseCalcHourSource" resultType="String">
        SELECT siteid from t_user_comprise_calc_hour GROUP  by siteid;
    </select>



    <!--终端设备-->
    <select id="findDeviceBrowserSource" resultType="String">
        SELECT siteid from t_device_browser_calc GROUP  by siteid;
    </select>
    <select id="findDeviceOSSource" resultType="String">
        SELECT siteid from t_device_os_calc GROUP  by siteid;
    </select>
    <select id="findDeviceTypeSource" resultType="String">
        SELECT siteid from t_device_type_calc GROUP  by siteid;
    </select>
    <select id="findDeviceBrowser" resultType="com.zjht.UserAnalysis.test.entity.TerminalDevice.DeviceBrower">
        SELECT id, source, siteid,calc_date as calcDate, browser , total  from t_device_browser_calc where source=#{source} and calc_date =#{selectTime} and siteid =#{siteid}order by  total desc  limit 15;
    </select>
    <select id="findDeviceOS" resultType="com.zjht.UserAnalysis.test.entity.TerminalDevice.DeviceOS">
        SELECT id, source,siteid, calc_date as calcDate, os , total  from t_device_os_calc where source=#{source} and calc_date =#{selectTime} and siteid =#{siteid} order by  total desc  limit 10;
    </select>
    <select id="findDeviceType" resultType="com.zjht.UserAnalysis.test.entity.TerminalDevice.DeviceType">
        SELECT id, source,siteid,calc_date as calcDate, devicetype as deviceType , total  from t_device_type_calc where source=#{source} and calc_date =#{selectTime} and siteid =#{siteid} order by  total desc  limit 10;
    </select>

    <!--地区客户-->
    <select id="findAreaClient" resultType="com.zjht.UserAnalysis.test.entity.UserArea.AreaClient">
        SELECT id, source,siteid, calc_date as calcDate,area,total from t_area_client_calc where source=#{source} and calc_date=#{selectTime} and siteid=#{siteid} order by  total desc  limit 15;
    </select>
    <select id="findAreaClientSource" resultType="String">
        SELECT siteid from t_area_client_calc GROUP  by siteid;
    </select>

    <!--商品分析-->
    <select id="findGoodsSellSource" resultType="String">
        SELECT siteid from t_goods_sell_calc GROUP  by siteid;
    </select>
    <select id="findKeyWordSource" resultType="String">
        SELECT siteid from t_keyword_calc GROUP  by siteid;
    </select>
    <select id="findOrderCalcSource" resultType="String">
        SELECT siteid from t_order_calc GROUP  by siteid;
    </select>
    <select id="findGoodsSell" resultType="com.zjht.UserAnalysis.test.entity.Goods.GoodsSell">
        SELECT id,siteid, source, calc_date as calcDate, ecitemid , ecitemname,total  from t_goods_sell_calc where source=#{source} and siteid =#{siteid} and calc_date=#{selectTime} ORDER BY  total DESC limit 15;
    </select>
    <select id="findKeyWord" resultType="com.zjht.UserAnalysis.test.entity.Goods.KeyWord">
        SELECT id, siteid,source, calc_date as calcDate, keyword , total  from t_keyword_calc where source=#{source} and siteid =#{siteid} and calc_date=#{selectTime} ORDER BY  total DESC limit 15;
    </select>
    <select id="findOrderCalc" resultType="com.zjht.UserAnalysis.test.entity.Goods.OrderCalc">
        SELECT id,siteid, source, calc_date as calcDate, total, unpay_total as unpayTotal , pay_total as payTotal ,unpay_precent as unpayPrecent,pay_precent as payPrecent from t_order_calc where source=#{source} and siteid =#{siteid} and calc_date &gt;=#{startTime} and calc_date &lt;=#{endTime};
    </select>




    <!--用户活跃度-->
    <select id="findVitalityCalc" resultType="com.zjht.UserAnalysis.test.entity.UserViscosity.VitalityCalc">
        SELECT id,siteid, source, calc_date as calcDate, hour ,timearea, sum(pv) as pv ,sum(uv) as uv,sum(ip) as ip from t_vitality_calc where siteid=#{siteid} and source=#{source} and calc_date &gt;=#{startTime} and calc_date &lt;=#{endTime} group by hour ;
    </select>
    <select id="findVitalityCalcSource" resultType="String">
        SELECT siteid from t_vitality_calc GROUP  by siteid;
    </select>

    <!--用户画像-->
    <select id="findAgeCalc" resultType="com.zjht.UserAnalysis.test.entity.Personas.AgeCalc">
        (SELECT id, source, calc_date as calcDate,age,total from t_age_calc where siteid=#{siteid} and source=#{source} and calc_date=#{selectTime} ORDER BY  total DESC limit 15) ORDER BY age;
    </select>
    <select id="findAgeCalcSource" resultType="String">
        SELECT siteid from t_age_calc GROUP  by siteid;
    </select>
    <select id="findSexCalc" resultType="com.zjht.UserAnalysis.test.entity.Personas.SexCalc">
        SELECT id, source, calc_date as calcDate,sex,total from t_sex_calc where  siteid=#{siteid} and  source=#{source} and calc_date=#{selectTime};
    </select>
    <select id="findSexCalcSource" resultType="String">
        SELECT siteid from t_sex_calc GROUP  by siteid;
    </select>

    <!--消费情况-->
    <select id="findAreaOrderSource" resultType="String">
    SELECT siteid from t_area_order_calc GROUP  by siteid;
  </select>
    <select id="findAreaOrderArea" resultType="String">
    SELECT area from t_area_order_calc where siteid=#{siteid} GROUP  by area  ;
</select>
    <select id="findAreaOrder" resultType="com.zjht.UserAnalysis.test.entity.Comsumption.AreaOrder">
        SELECT id,siteid, source, calc_date as calcDate, ecitemid , ecitemname,area,total  from t_area_order_calc where   siteid=#{siteid} and source=#{source} and calc_date=#{selectTime};
    </select>
    <select id="findAreaOrderByAreaSource" resultType="com.zjht.UserAnalysis.test.entity.Comsumption.AreaOrder">
        SELECT id,siteid, source, calc_date as calcDate, ecitemid , ecitemname,area,total  from t_area_order_calc where  siteid=#{siteid} and source=#{source} and area =#{area} and calc_date=#{selectTime} order by total desc limit 0,15;
    </select>
    <select id="findGoodsSellCustomerSource" resultType="String">
        SELECT siteid from t_goods_sell_customers_calc GROUP  by siteid;
    </select>
    <select id="findGoodsSellCustomer" resultType="com.zjht.UserAnalysis.test.entity.Comsumption.GoodsSellCustomer">
        SELECT id,siteid, source, calc_date as calcDate, ecitemid , ecitemname,times  from t_goods_sell_customers_calc where  siteid=#{siteid} and  source=#{source} and calc_date=#{selectTime} order by times desc limit 0,15;
;
    </select>
    <select id="findUserBuyTimesSource" resultType="String">
        SELECT siteid from t_user_buy_times_calc GROUP  by siteid;
    </select>
    <select id="findUserBuyTimes" resultType="com.zjht.UserAnalysis.test.entity.Comsumption.UserBuyTimes">
        SELECT id,siteid, source, calc_date as calcDate, times ,total  from t_user_buy_times_calc where siteid=#{siteid} and  source=#{source} and calc_date=#{selectTime} order by total desc limit 0,15;;
    </select>

   <!-- 上网时段-->
    <select id="findOnlinePeriodSiteid" resultType="String">
        SELECT siteid from t_online_period_calc GROUP  by siteid;
    </select>
    <select id="findOnlinePeriod" resultType="com.zjht.UserAnalysis.test.entity.Online.OnlinePeriod">
        SELECT id,siteid, source, calc_date as calcDate, hour as hours,timearea ,total  from t_online_period_calc where source=#{source} and siteid=#{siteid} and calc_date=#{selectTime} order by hour;
    </select>


    <!--用户粘度-->
    <select id="findHeightUserCalc" resultType="com.zjht.UserAnalysis.test.entity.UserViscosity.HeightUserCalc">
        SELECT id,siteid, source,calc_date,user_precent_times ,user_precent_length ,user_index,page_precent from t_height_user_calc where siteid=#{siteid} and source=#{source} and calc_date &gt;=#{startTime} and calc_date &lt;=#{endTime} ;
    </select>
    <select id="findHeightUserCalcSiteid" resultType="String">
        SELECT siteid from t_height_user_calc GROUP  by siteid;
    </select>

    <select id="findLightUserCalc" resultType="com.zjht.UserAnalysis.test.entity.UserViscosity.LightUserCalc">
        SELECT  id,siteid, source,calc_date,user_precent ,user_index ,page_precent  from t_light_user_calc where siteid=#{siteid} and source=#{source} and calc_date &gt;=#{startTime} and calc_date &lt;=#{endTime};
    </select>
    <select id="findLightUserCalcSiteid" resultType="String">
        SELECT siteid from t_light_user_calc GROUP  by siteid;
    </select>

    <!--查找站点名称-->
    <select id="findStie" resultType="com.zjht.UserAnalysis.test.entity.Site">
        SELECT siteid,sitename from t_site where sitestatus=#{sitestatus};
    </select>

</mapper>