<?xml version="1.0" encoding="UTF-8"?>
<!DOCTYPE mapper PUBLIC "-//mybatis.org//DTD Mapper 3.0//EN"
        "http://mybatis.org/dtd/mybatis-3-mapper.dtd">

<mapper namespace="com.zjht.youmaserver.system.user.sysmenu.dao.mapper.SysMenuMapper">
    <insert id="save" useGeneratedKeys="true" keyProperty="id" keyColumn="id">
        INSERT INTO menu(`id`,`icon`,`name`,`label`,`href`,`divided`,`superiorName`,`menuType`,`ordered`)
         VALUES (#{sysMenu.id},#{sysMenu.icon},#{sysMenu.name},#{sysMenu.label},#{sysMenu.href},#{sysMenu.divided},#{sysMenu.superiorName},#{sysMenu.menuType},#{sysMenu.ordered})
    </insert>

    <select id="findById" resultType="com.zjht.youmaserver.system.user.sysmenu.entity.SysMenu">
        SELECT id,icon,name,label,href,divided,superiorName,menuType,ordered FROM menu WHERE id = #{id};
    </select>
    
    <select id="findSysMenuList" resultType="com.zjht.youmaserver.system.user.sysmenu.entity.SysMenu">
        SELECT id,icon,name,label,href,divided,superiorName,menuType,ordered FROM menu ;
    </select>
    
    <select id="findByParentId" resultType="com.zjht.youmaserver.system.user.sysmenu.entity.SysMenu">
        SELECT id,icon,name,label,href,divided,superiorName,menuType,ordered FROM menu WHERE superiorName=#{id} AND menuType='org.smarabbit.massy.web.menu.SimpleMenu' ;
    </select>
    
    <update id="updateSysMenu">
    	UPDATE menu SET icon=#{sysMenu.icon},name=#{sysMenu.name},label=#{sysMenu.label},href=#{sysMenu.href},divided=#{sysMenu.divided},superiorName=#{sysMenu.superiorName},menuType=#{sysMenu.menuType},ordered=#{sysMenu.ordered}
    	WHERE id=#{sysMenu.id}
    </update>
    
    <delete id="deleteSysMenuById">
    	DELETE FROM menu WHERE id=#{id}
    </delete>
</mapper>