<?xml version="1.0" encoding="UTF-8"?>
<beans xmlns="http://www.springframework.org/schema/beans"
       xmlns:xsi="http://www.w3.org/2001/XMLSchema-instance" xmlns:aop="http://www.springframework.org/schema/aop"
       xmlns:context="http://www.springframework.org/schema/context"
       xmlns:tx="http://www.springframework.org/schema/tx"
       xmlns:massy="http://www.smarabbit.org/schema/massy"
       xsi:schemaLocation="http://www.springframework.org/schema/beans http://www.springframework.org/schema/beans/spring-beans.xsd

		http://www.springframework.org/schema/aop http://www.springframework.org/schema/aop/spring-aop-4.0.xsd   
		http://www.springframework.org/schema/context http://www.springframework.org/schema/context/spring-context-4.0.xsd
		http://www.springframework.org/schema/tx  http://www.springframework.org/schema/tx/spring-tx.xsd
		http://www.smarabbit.org/schema/massy http://www.smarabbit.org/schema/massy.xsd">

    <!-- 激活注解驱动 -->
    <massy:annotation-driven/>
    <tx:annotation-driven/>
    <context:annotation-config/>
    <massy:import-sqlsessionfactory id="sqlSessionFactory" alias="commons.sqlSessionFactory"/>
    <!-- 引入服务 -->
    <massy:import-transactionmanager id="transactionManager"
                                     alias="commons.transactionManager"/>
    <massy:import-datasource id="datasource"/>
    
    <!--dao-->
    <bean id="sysMenuDao" class="com.zjht.youmaserver.system.user.sysmenu.dao.SysMenuDaoImpl">
        <property name="sysMenuMapper" ref="sysMenuMapper"/>
    </bean>
    <bean id="SysMenuWriteDao" class="com.zjht.youmaserver.system.user.sysmenu.dao.SysMenuDaoImpl"/>
    <!--mybatis mapper-->
    <bean id="sysMenuMapper" class="org.mybatis.spring.mapper.MapperFactoryBean">
        <property name="mapperInterface" value="com.zjht.youmaserver.system.user.sysmenu.dao.mapper.SysMenuMapper"/>
        <property name="sqlSessionFactory" ref="sqlSessionFactory"/>
    </bean>

</beans>